<?xml version="1.0" encoding="utf-8" ?>

<!-- 1. Write a program which displays the time table of a teacher using and XML file. The time
table of a teacher contains:
a. Room No.
b. Day of week
c. Period No.
d. Course
e. Branch
f. Semester
g. Time from
h. Time to  -->
	
	

	<!DOCTYPE time_table [

		<!ELEMENT time_table (Day_of_week*)>
		<!ELEMENT Day_of_week (Time*)>
		<!ELEMENT Day  (#PCDATA)>
		<!ELEMENT Time (room_no,Period_No,Course,Branch,Semester)>
		<!ELEMENT from  (#PCDATA)>
		<!ELEMENT to    (#PCDATA)>
		<!ELEMENT room_no (#PCDATA)>
		<!ELEMENT Period_No (#PCDATA)>
		<!ELEMENT Course (#PCDATA)>
		<!ELEMENT Branch (#PCDATA)>
		<!ELEMENT Semester (#PCDATA)>
		
	]>

	<time_table>
			<teacher> B.D.Chaudhary</teacher>
			<Day_of_week>
				<day>Monday</day>
				
				<Time>
					<from> 9 </from>
					<to>   10 </to>
					<room_no>NB1</room_no>
					<Period_No>1</Period_No>
					<Course>  XML Apps  </Course>
					<Branch>  MCA   </Branch>
					<Semester>  2  </Semester>
				</Time>
				<Time>
					<from> 10</from>
					<to>   11 </to>
					<room_no>NB1</room_no>
					<Period_No>1</Period_No>
					<Course>XML Apps</Course>
					<Branch>MCA</Branch>
					<Semester>2</Semester>
				</Time>
				<Time>
					<from> 11</from>
					<to>   12 </to>
					<Course>Vacant</Course>
					
				</Time>
				<Time>
					<from> 12</from>
					<to>   13 </to>
					<Course>Vacant</Course>
					
				</Time>
				<Time>
					<from> 14.30 </from>
					<to> 15.30</to>
					<room_no>NB2</room_no>
					<Period_No>5</Period_No>
					<Course>Automata Theory</Course>
					<Branch>B.Tech(I.T.)</Branch>
					<Semester>4</Semester>
				</Time>
				<Time>
					<from> 15.30</from>
					<to>   16.30 </to>
					<Course>Vacant</Course>
					
				</Time>
				<Time>
					<from> 16.30</from>
					<to>   17.30 </to>
					<Course>Vacant</Course>
					
				</Time>
				<Time>
					<from> 17.30</from>
					<to>   18.30 </to>
					<Course>Vacant</Course>
				</Time>
			</Day_of_week>
			
			<Day_of_week>
			<day>TuesDay</day>
				<Time>
					<from> 9  </from>
					<to>   10 </to>
					<Course>Vacant</Course>
				</Time>
				<Time>
				<from> 10 </from>
				<to>   11 </to>
					<room_no>NLH1</room_no>
					<Period_No>2</Period_No>
					<Course>XML Apps</Course>
					<Branch>MCA</Branch>
					<Semester>2</Semester>
				</Time>
				<Time>
					<from> 12</from>
					<to>   13 </to>
					<Course>Vacant</Course>
					
				</Time>
				<Time>
					<from> 14.30</from>
					<to>   15.30 </to>
					<Course>Vacant</Course>
					
				</Time>
				<Time>
					<from> 15.30</from>
					<to>   16.30 </to>
					<Course>Vacant</Course>
					
				</Time>
				<Time>
					<from> 16.30</from>
					<to>   17.30 </to>
					<Course>Vacant</Course>
					
				</Time>
				<Time>
					<from> 17.30</from>
					<to>   18.30 </to>
					<Course>Vacant</Course>
					
				</Time>
					
			</Day_of_week>
			
			<Day_of_week>
			<day>WednesDay</day>
				<Time> 
				<from> 9  </from>
				<to>   10 </to>
					<room_no>NB1</room_no>
					<Period_No>1</Period_No>
					<Course>Networking</Course>
					<Branch>MCA</Branch>
					<Semester>4</Semester>
				</Time>
				<Time> 
				<from> 10  </from>
				<to>   11 </to>
					<room_no>NB1</room_no>
					<Period_No>1</Period_No>
					<Course>Networking</Course>
					<Branch>MCA</Branch>
					<Semester>4</Semester>
				</Time>
				<Time>
					<from> 11</from>
					<to>   12 </to>
					<Course>Vacant</Course>
					
				</Time>
				<Time>
					<from> 12</from>
					<to>   13 </to>
					<Course>Vacant</Course>
					
				</Time>
				<Time>
					<from> 14.30</from>
					<to>   15.30 </to>
					<Course>Vacant</Course>
					
				</Time>
				<Time>
					<from> 15.30</from>
					<to>   16.30 </to>
					<Course>Vacant</Course>
					
				</Time>
				<Time>
					<from> 16.30</from>
					<to>   17.30 </to>
					<Course>Vacant</Course>
					
				</Time>
				<Time> 
					<from> 17.30 </from>
					<to>   18.30</to>
					<Course>Vacant</Course>
				</Time>
			</Day_of_week>
			
			<Day_of_week>
			<day>ThursDay</day>
				<Time> 
					<from> 9 </from>
					<to>   10</to>
					<Course>Vacant</Course>
				</Time>
				<Time>
				<from> 10 </from>
				<to>   11</to>
					<room_no>NLH2</room_no>
					<Period_No>2</Period_No>
					<Course>Data Structure</Course>
					<Branch>B.Tech(C.S.)</Branch>
					<Semester>2</Semester>
				</Time>
				<Time>
				<from> 11 </from>
				<to>   12</to>
					<room_no>NLH2</room_no>
					<Period_No>2</Period_No>
					<Course>Data Structure</Course>
					<Branch>B.Tech(C.S)</Branch>
					<Semester>2</Semester>
				</Time>
				
				<Time> 
				<from> 12</from>
				<to>   13</to>
					<Course>Vacant</Course>
				</Time>
				<Time> 
				<from> 14.30 </from>
				<to>   15.30</to>
					<Course>Vacant</Course>
				</Time>
				
				<Time> 
				<from> 15.30</from>
				<to>   16.30</to>
					<room_no>GS-3</room_no>
					<Period_No>6</Period_No>
					<Course>Automata Theory</Course>
					<Branch>MCA</Branch>
					<Semester>2</Semester>
				</Time>
				<Time> 
				<from> 16.30 </from>
				<to>   17.30</to>
					<Course>Vacant</Course>
				</Time>
				<Time> 
				<from> 17.30 </from>
				<to>   18.30</to>
					<Course>Vacant</Course>
				</Time>
				
			</Day_of_week>
			
			<Day_of_week>
				<day>FriDay</day>
				<Time> 
				<from> 9 </from>
				<to>   10</to>
					<Course>Vacant</Course>
				</Time>
				<Time> 
				<from> 10 </from>
				<to>   11</to>
					<Course>Vacant</Course>
				</Time>
				<Time> 
				<from> 12 </from>
				<to>   13</to>
					<Course>Vacant</Course>
				</Time>
				<Time>
				<from>14.30 </from>
				<to>   15.30</to>
					<room_no>NB2</room_no>
					<Period_No>5</Period_No>
					<Course>Computer Graphics</Course>
					<Branch>MCA</Branch>
					<Semester>4</Semester>
				</Time>
				<Time>
				<from> 15.30  </from>
				<to>   16.30  </to>
					<room_no>NB2</room_no>
					<Period_No>5</Period_No>
					<Course>Computer Graphics</Course>
					<Branch>MCA</Branch>
					<Semester>4</Semester>
				</Time>
				<Time> 
				<from> 16.30 </from>
				<to>   17.30</to>
					<Course>Vacant</Course>
				</Time>
				<Time> 
				<from> 17.30 </from>
				<to>   18.30</to>
					<Course>Vacant</Course>
				</Time>
				
			</Day_of_week>
		
	</time_table>
